[{"id": "ch0155776", "name": "Robert Baratheon", "class": "man", "marriages": [{"spouse": {"id": "ch0159526", "name": "Cersei Lannister", "class": "woman"}, "children": [{"id": "ch0300040", "name": "Gendry", "class": "man"}, {"id": "ch0156278", "name": "Joffrey Baratheon", "class": "man", "marriages": [{"spouse": {"id": "ch0251974", "name": "Margaery Tyrell", "class": "woman"}, "children": []}]}, {"id": "ch0238585", "name": "Myrcella Baratheon", "class": "man", "marriages": [{"spouse": {"id": "ch0506400", "name": "Trystane Martell", "class": "woman"}, "children": []}]}, {"id": "ch0256424", "name": "Tommen Baratheon", "class": "man", "marriages": [{"spouse": {"id": "ch0251974", "name": "Margaery Tyrell", "class": "woman"}, "children": []}]}]}]}]