[{"id": "ch0242185", "name": "Tywin Lannister", "class": "man", "marriages": [{"spouse": {"id": 13, "name": "Unknown", "class": "woman"}, "children": [{"id": "ch0159526", "name": "Cersei Lannister", "class": "man", "marriages": [{"spouse": {"id": "ch0155776", "name": "Robert Baratheon", "class": "woman"}, "children": [{"id": "ch0156278", "name": "Joffrey Baratheon", "class": "man", "marriages": [{"spouse": {"id": "ch0251974", "name": "Margaery Tyrell", "class": "woman"}, "children": []}]}, {"id": "ch0238585", "name": "Myrcella Baratheon", "class": "man", "marriages": [{"spouse": {"id": "ch0506400", "name": "Trystane Martell", "class": "woman"}, "children": []}]}, {"id": "ch0256424", "name": "Tommen Baratheon", "class": "man", "marriages": [{"spouse": {"id": "ch0251974", "name": "Margaery Tyrell", "class": "woman"}, "children": []}]}]}]}, {"id": "ch0158527", "name": "Jaime Lannister", "class": "man"}, {"id": "ch0146096", "name": "Tyrion Lannister", "class": "man", "marriages": [{"spouse": {"id": "ch0158137", "name": "Sansa Stark", "class": "woman"}, "children": []}]}]}]}]