[{"id": "c284", "name": "Rickard Stark", "class": "man", "marriages": [{"spouse": {"id": 12, "name": "Unknown", "class": "woman"}, "children": [{"id": "ch0153996", "name": "Benjen Stark", "class": "man"}, {"id": "c28", "name": "Brandon Stark", "class": "man"}, {"id": "ch0154681", "name": "Eddard Stark", "class": "man", "marriages": [{"spouse": {"id": "ch0145135", "name": "Catelyn Stark", "class": "woman"}, "children": [{"id": "ch0158604", "name": "Arya Stark", "class": "man"}, {"id": "ch0234897", "name": "Bran Stark", "class": "man"}, {"id": "ch0233141", "name": "Rickon Stark", "class": "man"}, {"id": "ch0158596", "name": "Robb Stark", "class": "man", "marriages": [{"spouse": {"id": "ch0305007", "name": "Talisa Maegyr", "class": "woman"}, "children": []}]}, {"id": "ch0158137", "name": "Sansa Stark", "class": "man", "marriages": [{"spouse": {"id": "ch0321004", "name": "Ramsay Snow", "class": "woman"}, "children": []}]}]}]}, {"id": "ch0543804", "name": "Lyanna Stark", "class": "man", "marriages": [{"spouse": {"id": "c279", "name": "Rhaegar Targaryen", "class": "woman"}, "children": [{"id": "ch0155777", "name": "Jon Snow", "class": "man", "marriages": [{"spouse": {"id": "ch0304492", "name": "Ygritte", "class": "woman"}, "children": []}]}]}]}]}]}]