[{"id": "ch0541362", "name": "Aerys II Targaryen", "class": "man", "marriages": [{"spouse": {"id": "c281", "name": "Rhaella Targaryen", "class": "woman"}, "children": [{"id": "ch0158597", "name": "Daenerys Targaryen", "class": "man", "marriages": [{"spouse": {"id": "ch0171388", "name": "Khal Drogo", "class": "woman"}, "children": [{"id": "c280", "name": "Rhaego", "class": "man"}]}]}, {"id": "c279", "name": "Rhaegar Targaryen", "class": "man", "marriages": [{"spouse": {"id": "c63", "name": "Elia Martell", "class": "woman"}, "children": [{"id": "ch0155777", "name": "Jon Snow", "class": "man", "marriages": [{"spouse": {"id": "ch0304492", "name": "Ygritte", "class": "woman"}, "children": []}]}, {"id": "c1", "name": "Aegon Targaryen", "class": "man"}, {"id": "c282", "name": "Rhaenys Targaryen", "class": "man"}]}]}, {"id": "ch0155775", "name": "Viserys Targaryen", "class": "man"}]}]}]