[{"id": "ch0540082", "name": "Hoster Tully", "class": "man", "marriages": [{"spouse": {"id": 11, "name": "Unknown", "class": "woman"}, "children": [{"id": "ch0145135", "name": "Catelyn Stark", "class": "man", "marriages": [{"spouse": {"id": "ch0154681", "name": "Eddard Stark", "class": "woman"}, "children": [{"id": "ch0158604", "name": "Arya Stark", "class": "man"}, {"id": "ch0234897", "name": "Bran Stark", "class": "man"}, {"id": "ch0233141", "name": "Rickon Stark", "class": "man"}, {"id": "ch0158596", "name": "Robb Stark", "class": "man", "marriages": [{"spouse": {"id": "ch0305007", "name": "Talisa Maegyr", "class": "woman"}, "children": []}]}, {"id": "ch0158137", "name": "Sansa Stark", "class": "man", "marriages": [{"spouse": {"id": "ch0321004", "name": "Ramsay Snow", "class": "woman"}, "children": []}]}]}]}, {"id": "ch0251736", "name": "Lysa Arryn", "class": "man", "marriages": [{"spouse": {"id": "ch0251737", "name": "Jon Arryn", "class": "woman"}, "children": [{"id": "ch0300949", "name": "Robin Arryn", "class": "man"}]}]}]}]}]